mene,link
<<<<<<< HEAD
"Eu sou o Douglas voce nã é o Douglas","https://www.youtube.com/watch?v=PN4QUTWqsL4"
"Baby Baby Do Baby Do Biruleibe Leibe","https://www.youtube.com/watch?v=NI2bmIfh_ZQ"
"spinner splend","https://www.youtube.com/watch?v=N0m_mTZcdfE"
"Eita geovanaaa o forninho caiuu","https://www.youtube.com/watch?v=ROi5SlbNEDo"
"Galo cego, é uai","https://www.youtube.com/watch?v=hAx4Lql_-VI"
"Esse é o tal do mula","https://www.youtube.com/watch?v=ebQjtNP_8ng"
=======
"Eu sou o Douglas voce tambem pode ser o Douglas","https://www.youtube.com/watch?v=PN4QUTWqsL4"
"Baby Baby Do Baby Do Biruleibe ludovico","https://www.youtube.com/watch?v=NI2bmIfh_ZQ"
"spinner splend garai","https://www.youtube.com/watch?v=N0m_mTZcdfE"
"Eita geovanaaa o forninho caiuu e quebrou o henry","https://www.youtube.com/watch?v=ROi5SlbNEDo"
"Galo frito, essa é old","https://www.youtube.com/watch?v=hAx4Lql_-VI"
"Esse é o tal do mula, henry","https://www.youtube.com/watch?v=ebQjtNP_8ng"
>>>>>>> 4f5cacb4ef5e3d95c478550f97bfeb3b30637876
